Ime;Prezime;Spol;Datum roðenja;Mobitel;Adresa;Mjesto
Štefica;Ostojiæ;Ž;17.3.1937;091/7121688;Redovka 9;Zagreb
Ivan;Kušan;M;19.7.1979;098/1667148;Marinoveèka 12;Zagreb
Hrvoje;Radiæ;M;6.6.1944;098/7317883;Dore Pejaèeviæ 28;Zagreb
Vjeran;Deliæ;M;2.3.1978;022/4672651;Banovski Put 11;Zagreb
Filip;Pavloviæ;M;28.3.1939;092/6058667;Sitnice 24;Zagreb
Elena;Mandiæ;Ž;25.9.1992;098/6248116;Rebrovac 23;Zagreb
Dinko;Kovaèeviæ;M;13.11.1940;021/2727852;Martinci 28;Zagreb
Vjeran;Kušec;M;13.3.1978;01/9155118;Donadinieva 30;Zagreb
Marina;Milinoviæ;Ž;12.12.1961;099/6669101;Raosa Ivana 4;Zagreb
Katarina;Cindriæ;Ž;9.7.1991;022/4547668;Ratarska 11;Zagreb
Josip;Bošnjak;M;25.4.1951;099/2720846;Andraševeèka 8;Zagreb
Ivana;Mandiæ;Ž;27.8.1980;01/73442610;Severi 4;Zagreb
Katarina;Grgiæ;Ž;16.5.1943;098/6539595;Ravnice 25;Zagreb
Vjeran;Rukavina;M;27.5.1959;031/6298645;Remetinec 11;Zagreb
Štefica;Radiæ;Ž;21.3.1955;021/3197918;Dragozetiæka 2;Zagreb
Mirka;Špoljariæ;Ž;11.6.1957;031/2887741;Doneca Ivana 4;Zagreb
Goran;Milinoviæ;M;4.9.1954;042/1331138;Martiæeva 12;Zagreb
Lino;Kuèiæ;M;10.5.1960;021/4133537;Ribnjak 27;Zagreb
Kristina;Novosel;Ž;21.6.1937;031/5618736;Sakaèeva 31;Zagreb
Saša;Luèiæ;M;8.6.1974;022/7612321;Markoviæev Brijeg 21;Zagreb
Kristina;Galiæ;Ž;27.3.1962;021/1019527;Rakeki 16;Zagreb
Petra;Babiæ;Ž;18.5.1975;01/4099326;Martijaneèka 27;Zagreb
Davor;Vukoviæ;M;27.7.1948;091/2187950;Andriæa Ive 13;Zagreb
Petra;Mariæ;Ž;15.2.1983;099/6347122;Rudina 22;Zagreb
Ana;Vukoviæ;Ž;20.11.1978;098/7492266;Martinovski Put 13;Zagreb
Katarina;Vukiæ;Ž;8.11.1970;092/3128407;Drniška 5;Zagreb
Rajka;Joviæ;Ž;16.10.1943;092/5073471;Ratkaja Jurja 5;Zagreb
Josip;Blaževiæ;M;2.6.1991;01/8082961;Ribnjak 17;Zagreb
Zdenka;Cindriæ;Ž;21.9.1940;040/4598422;Badljevinski Put 21;Zagreb
Josipa;Messi;Ž;4.10.1959;091/9668354;Ravnogorska 23;Zagreb
Krešimir;Lovriæ;M;21.4.1940;091/6097983;Rep. Austrije 3;Zagreb
Gordan;Babiæ;M;2.7.1948;095/2383973;Rebar 12;Zagreb
Hrvoje;Vuk ;M;1.10.1991;021/5415982;Dramaljska 3;Zagreb
Zdenko;Luèiæ;M;2.6.1943;022/5229725;Rimski Put 28;Zagreb
Željka;Luèiæ;Ž;21.9.1942;092/1062860;Markulinska Draga 24;Zagreb
Ivana;Iliæ;Ž;24.8.1940;098/6754957;Sirkovina 3;Zagreb
Saša;Vidoviæ;M;9.2.1992;032/9465837;Dravogradski Put 29;Zagreb
Ena;Grgiæ;Ž;15.11.1955;040/6192744;Ramska 25;Zagreb
Tanja;Petroviæ;Ž;9.7.1987;091/5927668;Draga 18;Zagreb
Helena;Matiæ;Ž;7.9.1987;020/6181791;Remetinec 4;Zagreb
Štefica;Matiæ;Ž;2.9.1973;021/5121748;Remetineèki Gaj 18;Zagreb
Sonja;Petroviæ;Ž;23.8.1938;099/2686284;Rakovèeva 3;Zagreb
Marina;Kovaèiæ;Ž;25.9.1947;020/7722698;Sandeliæi 9;Zagreb
Aleksandar;Blaževiæ;M;12.1.1938;099/6410274;Remetineèki Gaj 8;Zagreb
Lino;Ostojiæ;M;3.8.1948;021/6815725;Romaèa 28;Zagreb
Sonja;Jukiæ;Ž;2.9.1951;040/9261213;Remetineèki Gaj 6;Zagreb
Alen;Kovaè ;M;6.8.1973;042/8010639;Remetineèkih žrt. 25;Zagreb
Hrvoje;Blaževiæ;M;25.3.1984;021/1679151;Matije Gupca 11;Zagreb
Ena;Filipoviæ;Ž;26.2.1976;020/3112764;Reber Odvojak 12;Zagreb
Josip;Šariæ;M;11.11.1952;032/6376345;Sirkovina 3;Zagreb
Jurica;Kovaèeviæ;M;25.2.1943;091/4816653;Banovski Put 10;Zagreb
Jelena;Vidoviæ;Ž;10.8.1986;031/9513363;Sediniæi Odvojak 18;Zagreb
Aleksandar;Popoviæ;M;9.8.1990;091/7093315;Andriloveèka 12;Zagreb
Elena;Bošnjak;Ž;13.6.1984;021/7668111;Draganiæa S. 27;Zagreb
Sanja;Tomiæ;Ž;26.4.1969;042/8588251;Raèiæa Josipa 3;Zagreb
Jan;Petroviæ;M;1.9.1978;098/9955574;Skenderi 11;Zagreb
Stipe;Galiæ;M;28.2.1982;091/9278488;Anina Grana 30;Zagreb
Anita;Špoljariæ;Ž;25.10.1939;092/8148548;Antoljaki 7;Zagreb
Mirka;Novak;Ž;21.6.1966;022/7459437;Remetineèkih žrt. 6;Zagreb
Dragica;Smolèiæ;Ž;27.5.1957;032/4190892;Rendiæeva 29;Zagreb
Anita;Perkoviæ;Ž;12.2.1951;01/32195510;Radešiæka 1;Zagreb
Katarina;Kovaè ;Ž;17.2.1992;095/2786751;Donjopoljska 4;Zagreb
Gordan;Matekoviæ;M;29.13.1984;021/9340143;Maruševeèka 10;Zagreb
Romana;Mandiæ;Ž;12.4.1975;031/3436218;Markoviæev Trg 3;Zagreb
Jurica;Vuk ;M;27.10.1976;095/8679758;Rugvièka 17;Zagreb
Željko;Galiæ;M;26.7.1937;091/8278942;Andriæa Ive 19;Zagreb
Filip;Paviæ;M;26.4.1946;091/3727802;Skoki 15;Zagreb
Jan;Messi;M;8.2.1976;099/6621735;Resnièki Gaj 1 23;Zagreb
Radmila;Bošnjak;Ž;15.10.1977;020/3982852;Antolkoviæi 1;Zagreb
Željko;Šariæ;M;7.4.1972;095/74971010;Apatinska 21;Zagreb
Ena;Biliæ;Ž;24.9.1950;01/4613929;Rusanova 19;Zagreb
Mirko;Vukoviæ;M;13.4.1957;020/3482885;Antoliæa Filipa 15;Zagreb
Kristina;Milinoviæ;Ž;14.9.1981;020/4174332;Mašiæeva 16;Zagreb
Josipa;Messi;Ž;16.8.1980;092/2324496;Matoiceva Ulica 25;Zagreb
Goran;Biliæ;M;18.12.1949;022/4889509;Raveneèki Gaj 7;Zagreb
Mirko;Deliæ;M;27.9.1941;092/2672237;Dotoršæinska 28;Zagreb
Marko;Lovriæ;M;2.7.1995;020/3614289;Aliæa Saliha 14;Zagreb
Ana;Popoviæ;Ž;10.1.1956;040/3177802;Matunov Odvojak 27;Zagreb
Vjeran;Nikoliæ;M;17.9.1958;040/5748286;Siveriæka 7;Zagreb
Marko;Pavloviæ;M;8.4.1945;091/7275710;Rujnièka 2;Zagreb
Marina;Kovaèeviæ;Ž;23.9.1947;091/5770871;Mariæev Prolaz 8;Zagreb
Zdenka;Iliæ;Ž;20.3.1963;021/3756876;Saljska 2;Zagreb
Elena;Vukiæ;Ž;22.7.1967;020/5744593;Anke Krizmaniæ 23;Zagreb
Tanja;Koviæ;Ž;12.6.1978;042/6865633;Rubetiæeva 3;Zagreb
Štefica;Novak;Ž;17.11.1974;01/8549906;Siveriæka 13;Zagreb
Krešimir;Bošnjak;M;24.9.1983;040/4838518;Rožatska 6;Zagreb
Jana;Lovriæ;Ž;23.3.1980;021/2971658;Rakaljska 9;Zagreb
Ivica;Periæ;M;21.2.1994;022/5420193;Sandeliæi 28;Zagreb
Dražen;Pavloviæ;M;7.9.1941;032/8368426;Sarajevska Cesta 4;Zagreb
Dražen;Babiæ;M;23.11.1986;091/1411678;Bademovac 19;Zagreb
Lino;Koviæ;M;22.7.1991;021/4617816;Rosulja 27;Zagreb
Ivana;Vuk ;Ž;16.13.1946;092/1540448;Balunov Put 8;Zagreb
Tomislav;Matiæ;M;8.10.1993;092/4540951;Seissla Josipa 27;Zagreb
Kristina;Božiæ;Ž;28.7.1990;022/4155329;Raèiæa Josipa 14;Zagreb
Tin;Vuk ;M;22.9.1960;031/8658181;Maðerova Ulica 2;Zagreb
Željko;Biliæ;M;12.6.1987;091/3657543;Aljmaška 13;Zagreb
Ena;Periæ;Ž;27.4.1951;01/6654954;Bakule Petra 12;Zagreb
Emir;Kušan;M;26.6.1942;091/5059938;Skradska 25;Zagreb
Goran;Blaževiæ;M;10.8.1968;092/954729;Rogliæa Josipa 30;Zagreb
Emir;Filipoviæ;M;14.4.1981;021/6514605;Mavraèiæki Odvojak 21;Zagreb
Lana;Deliæ;Ž;7.9.1982;091/5086538;Matunov Odvojak 2;Zagreb
Gordan;Popoviæ;M;16.11.1958;091/7871632;Sjevernjak 11;Zagreb
Radmila;Matkoviæ;Ž;12.5.1941;040/1382803;Rabusova 18;Zagreb
Hrvoje;Joviæ;M;12.13.1979;040/1083375;Rendiæeva 21;Zagreb
Radmila;Lovriæ;Ž;11.6.1973;092/7546891;Rušèenica 30;Zagreb
Ivan;Messi;M;23.10.1942;091/4062277;Ravnice 28;Zagreb
Ivana;Matekoviæ;Ž;22.12.1944;092/6293789;Drniška 12;Zagreb
Dinko;Mariæ;M;23.3.1948;021/2027469;Skradska 17;Zagreb
Dražen;Radiæ;M;4.6.1940;022/3570340;Rebar 13;Zagreb
Lino;Petroviæ;M;11.3.1943;022/5744743;Raosa Ivana 29;Zagreb
Katarina;Mandiæ;Ž;4.5.1970;098/8476479;Bakiæa M. 16;Zagreb
Petra;Vidoviæ;Ž;6.12.1962;042/3984927;Skradska 2;Zagreb
Saša;Vukiæ;M;13.2.1986;032/9875651;Aniæeva 7;Zagreb
Josip;Špoljariæ;M;27.9.1986;098/2052523;Martinci 29;Zagreb
Jurica;Galiæ;M;22.13.1960;042/1075314;Salopekova 3;Zagreb
Rajko;Ostojiæ;M;24.1.1991;040/2919772;Rovinjska 19;Zagreb
Davor;Iliæ;M;3.9.1944;01/6525254;Balunov Put 18;Zagreb
Gordan;Markoviæ;M;10.5.1971;098/4899922;Andrašeca F. 26;Zagreb
Filip;Pavloviæ;M;27.12.1960;022/5266576;Marije J. Zagorke 21;Zagreb
Ante;Stankoviæ;M;25.3.1956;032/7648211;Rusanova 23;Zagreb
Dražen;Kovaè ;M;21.2.1964;042/916298;Mažuraniæev Trg 13;Zagreb
Tina;Stankoviæ;Ž;2.2.1966;092/7455386;Risnjaèka 20;Zagreb
Jana;Popoviæ;Ž;3.9.1966;040/4868172;Rozganska 18;Zagreb
Zdenka;Mandiæ;Ž;5.12.1966;021/3811604;Apatinska 3;Zagreb
Lana;Ostojiæ;Ž;17.2.1959;091/7294748;Rešetarova 7;Zagreb
Katarina;Novak;Ž;25.10.1950;021/3622345;Anina Grana 24;Zagreb
Marko;Šariæ;M;24.9.1980;031/7351723;Ramska 4;Zagreb
Jana;Kovaè ;Ž;2.5.1937;022/5569774;Mataèiæa Lovre 31;Zagreb
Ivan;Biliæ;M;5.4.1946;095/1431609;Sesvete 10;Zagreb
Romana;Koviæ;Ž;23.6.1990;092/5752566;Rugvièka 17;Zagreb
Tin;Blaževiæ;M;7.13.1976;021/9770391;Skadarska 16;Zagreb
Safet;Kovaèeviæ;M;22.11.1989;022/24663010;Antunoviæa Ivana 5;Zagreb
Dinko;Kuèiæ;M;18.10.1947;092/3747685;Matiæa Tome 11;Zagreb
Filip;Lovriæ;M;29.6.1966;031/9581967;Ribiæev Put 26;Zagreb
Aleksandar;Luèiæ;M;14.8.1983;021/7113243;Sandeliæi 11;Zagreb
Katarina;Vukoviæ;Ž;23.5.1974;095/6678626;Donji Lukšiæ 4;Zagreb
Ana;Petroviæ;Ž;26.8.1989;021/4428459;Rujanska 7;Zagreb
Rajko;Bošnjak;M;8.8.1981;098/9346257;Rokova 26;Zagreb
Katarina;Periæ;Ž;17.7.1995;040/6261975;Bakaraèka 27;Zagreb
Stipe;Vukiæ;M;3.6.1958;040/6780369;Marofska Ulica Odvojak 2;Zagreb
Dragica;Paviæ;Ž;14.2.1937;095/9391585;Maruliæev Trg 17;Zagreb
Emir;Kušan;M;4.4.1964;091/2255762;Skoèiæi 4;Zagreb
Jurica;Kuèiæ;M;26.5.1966;091/4448619;Rasinjska 19;Zagreb
Jurica;Jukiæ;M;15.8.1995;031/1936872;Razgled 11;Zagreb
Zdenko;Biliæ;M;25.3.1992;040/3696482;Drežnik 29;Zagreb
Željko;Galiæ;M;11.2.1969;031/6662441;Baošiæki Put 12;Zagreb
Ante;Blaževiæ;M;20.12.1966;091/2895961;Balunov Put 28;Zagreb
Mirka;Popoviæ;Ž;25.5.1974;095/3019886;Banovièka 14;Zagreb
Vjeran;Milinoviæ;M;1.12.1991;095/3293519;Sav. Rep. Njemaèke 30;Zagreb
Krešimir;Babiæ;M;27.3.1942;098/1196559;Dragišiæa Jurja 5;Zagreb
Marko;Barišiæ;M;8.12.1941;01/4262284;Rabadana V. 5;Zagreb
Jana;Biliæ;Ž;3.1.1975;031/982939;Sitari 2;Zagreb
Sanja;Kušec;Ž;29.7.1987;091/6791769;Sediniæalovre 26;Zagreb
Aleksandar;Tomiæ;M;13.8.1971;031/7022657;Baradin Prilaz 9;Zagreb
Petra;Petroviæ;Ž;3.8.1942;099/6317976;Reber 26;Zagreb
Jelena;Pavloviæ;Ž;22.8.1945;021/4752798;Ambrioviæa Andrije 12;Zagreb
Rajka;Kos;Ž;15.5.1962;022/6716867;Resnièki Gaj 2 29;Zagreb
Rajka;Božiæ;Ž;2.10.1986;022/5871873;Dramaljska 1;Zagreb
Mirka;Galiæ;Ž;14.9.1969;020/1035265;Ribarska 20;Zagreb
Ivica;Paviæ;M;21.2.1938;092/9979640;Raèkoga Mirka 15;Zagreb
Katarina;Babiæ;Ž;5.7.1955;01/5725200;Sav. Rep. Njemaèke 21;Zagreb
Vjeran;Messi;M;28.9.1957;021/3857930;Razvorska 30;Zagreb
Lino;Matekoviæ;M;22.1.1973;091/5134336;Ruždjaka V. 19;Zagreb
Ante;Radiæ;M;23.3.1956;021/8285478;Rapajinska 24;Zagreb
Lino;Iliæ;M;10.5.1989;031/3535510;Draženoviæa J. 3;Zagreb
Dinko;Jovanoviæ;M;11.7.1957;095/1943519;Rakitoveèka 25;Zagreb
Hrvoje;Radiæ;M;19.12.1941;095/69521310;Sachsova 29;Zagreb
Mirka;Juriæ;Ž;7.5.1943;020/4542338;Sesvetska 20;Zagreb
Katarina;Horvat;Ž;29.5.1989;020/2542848;Dragišiæa Jurja 29;Zagreb
Ante;Joviæ;M;12.2.1990;095/978352;Ariša 13;Zagreb
Rajka;Barišiæ;Ž;23.13.1951;022/6523686;Rangera Ivana 17;Zagreb
Tomislav;Galiæ;M;26.13.1968;095/8959183;Remetineèkih žrt. 1;Zagreb
Hrvoje;Kuèiæ;M;22.10.1987;040/26614110;Ravnogorska 19;Zagreb
Ivana;Tomiæ;Ž;22.4.1985;091/8295997;Sigetsko Polje 17;Zagreb
Marina;Ostojiæ;Ž;4.13.1941;042/9761397;Markuševeèka Dubrava 7;Zagreb
Ivana;Vuk ;Ž;22.12.1966;092/5919583;Marohniæa Josipa 12;Zagreb
Ivana;Matiæ;Ž;10.8.1990;091/2179122;Rudeški Odvojak 5;Zagreb
Dragica;Cindriæ;Ž;21.4.1965;098/5017642;Andriloveèka 4;Zagreb
Jana;Koviæ;Ž;7.2.1991;021/5155788;Badljevinski Put 21;Zagreb
Ante;Pavloviæ;M;14.2.1964;091/2545959;Rihtmana Z. 14;Zagreb
Štefica;Kneževiæ;Ž;16.8.1958;021/6992259;Andriæa Ive 4;Zagreb
Željko;Barišiæ;M;18.4.1953;042/9036953;Markuševeèka Cesta 13;Zagreb
Anita;Smolèiæ;Ž;24.7.1961;020/9542665;Sinkoviæeva 31;Zagreb
Stipe;Koviæ;M;27.4.1964;031/3993509;Banski Vinogradi 23;Zagreb
Katarina;Novak;Ž;2.8.1961;01/1197938;Raèiæa Josipa 12;Zagreb
Aleksandar;Perkoviæ;M;21.13.1991;022/9497329;Donje Vrapèe 23;Zagreb
Elena;Smolèiæ;Ž;19.4.1964;040/9920890;Rosandiæa Tome 10;Zagreb
Zdenko;Jovanoviæ;M;9.6.1972;042/7692275;Sesvetska 4;Zagreb
Tomislav;Messi;M;3.6.1978;092/1954848;Rudeški Odvojak 10;Zagreb
Ivana;Jovanoviæ;Ž;13.7.1984;095/8032921;Rešèiæi 17;Zagreb
Helena;Ban;Ž;10.2.1957;022/7067948;Dragutina Golika 7;Zagreb
Lino;Novak;M;10.6.1972;042/6785995;Donji Lukšiæ 30;Zagreb
Zdenko;Mandiæ;M;10.1.1976;095/9882910;Sjeverna Lozica 8;Zagreb
Jurica;Šariæ;M;2.4.1970;099/7883195;Savska Cesta 10;Zagreb
Mirka;Grgiæ;Ž;13.9.1936;01/1719966;Banov Brijeg 13;Zagreb
Aleksandar;Grgiæ;M;10.2.1981;091/8732457;Markulinka 13;Zagreb
Tomislav;Barišiæ;M;22.9.1953;092/1445990;Sedlo 19;Zagreb
Ivan;Kovaèeviæ;M;21.12.1985;091/7467157;Riesznerova 15;Zagreb
Dražen;Radiæ;M;22.11.1977;095/3373102;Rudeški Put 26;Zagreb
Davor;Pavloviæ;M;25.11.1983;042/1394592;Roginina 22;Zagreb
Jan;Cindriæ;M;23.2.1990;01/10325610;Raci 21;Zagreb
Mirka;Joviæ;Ž;5.6.1955;040/7985162;Antovaljska 30;Zagreb
Tanja;Matkoviæ;Ž;22.10.1956;021/4830964;Ambrioviæa Andrije 21;Zagreb
Vjeran;Tomiæ;M;12.10.1973;091/2623883;Repineèka 17;Zagreb
Alen;Grgiæ;M;28.3.1951;031/1656631;Drenjska 18;Zagreb
Alen;Deliæ;M;29.7.1955;042/3922689;Anðele Horvat 18;Zagreb
Dino;Juriæ;M;21.4.1993;092/1590596;Rusanova 8;Zagreb
Tomislav;Pavloviæ;M;1.13.1985;040/4241734;Rastoèka 23;Zagreb
Kristina;Iliæ;Ž;24.10.1974;020/3488782;Mavraèiæki Odvojak 12;Zagreb
Marina;Milinoviæ;Ž;15.8.1962;092/9848519;Andriæa Nikole 20;Zagreb
Katarina;Kovaè ;Ž;9.6.1969;022/41952810;Rušèenica 13;Zagreb
Gordan;Špoljariæ;M;6.7.1995;098/9134266;Andriæa Josipa 20;Zagreb
Alen;Blaževiæ;M;15.4.1980;095/5366150;Skradska 22;Zagreb
Anja;Popoviæ;Ž;25.9.1966;091/9446617;Bakaèeva 23;Zagreb
Dino;Bošnjak;M;14.9.1977;040/1993759;Rastoèka 26;Zagreb
Krešimir;Perkoviæ;M;21.9.1947;095/1387645;Matunov Odvojak 2;Zagreb
Ena;Smolèiæ;Ž;2.5.1963;042/3588725;Racka 17;Zagreb
Ivica;Periæ;M;28.6.1961;040/7647199;Ambrioviæa Andrije 16;Zagreb
Davor;Galiæ;M;23.3.1944;032/3447653;Barberiæi 21;Zagreb
Ivana;Blaževiæ;Ž;13.10.1978;01/8535874;Anðele Horvat 16;Zagreb
Anja;Matkoviæ;Ž;25.1.1941;031/7457875;Donji Rim 2;Zagreb
Stipe;Galiæ;M;13.3.1972;01/1354347;Anke Krizmaniæ 1;Zagreb
Sanja;Filipoviæ;Ž;12.10.1988;099/1195907;Dražice 19;Zagreb
Krešimir;Kovaè ;M;4.8.1968;01/7551888;Rožmanka 24;Zagreb
Goran;Juriæ;M;18.1.1947;01/8720825;Slanoveèka Cesta 25;Zagreb
Mirka;Mandiæ;Ž;9.10.1986;020/3339761;Maroviæeva 24;Zagreb
Vjeran;Vukiæ;M;14.10.1947;042/7186346;Baranoviæeva 13;Zagreb
Davor;Koviæ;M;27.10.1970;092/71638210;Matetiæ-ronjgovljev. 6;Zagreb
Mirka;Živkoviæ;Ž;10.7.1982;091/8497297;Bakarska 17;Zagreb
Kristina;Luèiæ;Ž;14.12.1964;022/7051235;Sibinjska 21;Zagreb
Zdenko;Luèiæ;M;6.11.1965;092/5946474;Markuševeèke Njivice 12;Zagreb
Tin;Lovriæ;M;8.4.1977;031/8967296;Roganka 27;Zagreb
Tanja;Rukavina;Ž;25.9.1959;042/9637663;Sertièeve Ledine 23;Zagreb
Sonja;Vidoviæ;Ž;22.10.1993;040/9393527;Markuševeèka Cesta 3;Zagreb
Romana;Koviæ;Ž;9.5.1994;031/75628810;Marofska Ulica Odvojak 12;Zagreb
Katarina;Novak;Ž;14.9.1977;092/6166817;Rašljice 19;Zagreb
Saša;Filipoviæ;M;9.3.1962;095/1835625;Matijevka 19;Zagreb
Ante;Kos;M;14.2.1946;022/5246367;Reljkoviæeva Satira 23;Zagreb
Jurica;Paviæ;M;2.6.1977;098/1670427;Donji Lukšiæ 12;Zagreb
Ante;Matiæ;M;24.11.1975;031/3066877;Raèiæa Josipa 7;Zagreb
Katarina;Barišiæ;Ž;9.1.1964;01/7849976;Bani 27;Zagreb
Zdenka;Smolèiæ;Ž;22.4.1978;01/3628121;Skuzini 11;Zagreb
Filip;Juriæ;M;13.3.1956;031/2727308;Dragulinec 13;Zagreb
Dinko;Rukavina;M;24.12.1940;042/8933222;Racka 13;Zagreb
Josipa;Kušan;Ž;23.3.1962;032/2733686;Sitaèa 13;Zagreb
Jan;Vuk ;M;22.9.1941;032/6181634;Antolkoviæi 10;Zagreb
Rajko;Matiæ;M;13.12.1949;020/98289510;Rožmanka 24;Zagreb
Ana;Vukiæ;Ž;25.6.1952;040/4133144;Banjavèiæeva 20;Zagreb
Ana;Joviæ;Ž;2.6.1976;092/962612;Radenska 16;Zagreb
Josipa;Deliæ;Ž;21.4.1967;01/3621675;Risnjaèki Odvojak 27;Zagreb
Ivica;Ostojiæ;M;11.7.1969;092/6568623;Severci 8;Zagreb
Safet;Barišiæ;M;25.4.1986;091/5987102;Mažuraniæev Trg 11;Zagreb
Željka;Kuèiæ;Ž;16.9.1996;092/5622565;Seissla Josipa 3;Zagreb
Dražen;Markoviæ;M;25.7.1989;098/4283444;Andriloveèka 3 3;Zagreb
Zdenko;Biliæ;M;27.5.1939;091/7747813;Matoševa 17;Zagreb
Romana;Galiæ;Ž;11.1.1976;022/2566808;Draškovec 19;Zagreb
Jurica;Ostojiæ;M;14.7.1972;098/1950767;Martinoviæa joze 9;Zagreb
Štefica;Kovaè ;Ž;20.5.1996;042/95316210;Sijaèevo šetalište 21;Zagreb
Sonja;Paviæ;Ž;28.6.1962;01/9052594;Ribiæev Put 13;Zagreb
Katarina;Bošnjak;Ž;18.2.1977;031/6979791;Anke Krizmaniæ 19;Zagreb
Josipa;Juriæ;Ž;5.7.1949;095/9883668;Sajmišna Cesta 5;Zagreb
Zdenko;Markoviæ;M;20.5.1965;095/3596801;Sevnièka 18;Zagreb
Krešimir;Novosel;M;16.11.1948;042/8826316;Sibeliusova 3;Zagreb
Tomislav;Luèiæ;M;16.10.1979;031/9661216;Barbiri 13;Zagreb
Rajko;Matkoviæ;M;12.9.1937;021/5751121;Raveneèki Gaj 27;Zagreb
Katarina;Jukiæ;Ž;14.2.1940;031/9777698;Dragulinec 15;Zagreb
Stipe;Deliæ;M;4.7.1968;040/8777665;Bakiæa M. 23;Zagreb
Romana;Špoljariæ;Ž;21.3.1989;021/8080556;Rumska 30;Zagreb
Dragica;Matiæ;Ž;21.3.1952;040/3650145;Sav. Rep. Njemaèke 26;Zagreb
Marko;Kovaè ;M;5.10.1959;098/9455691;Andriloveèka 3 9;Zagreb
Marija;Kovaèiæ;Ž;24.12.1988;098/2864572;Markuševeèka Trnava 11;Zagreb
Helena;Živkoviæ;Ž;2.8.1948;022/4729501;Selišæe 24;Zagreb
Sanja;Jovanoviæ;Ž;16.2.1940;032/3395769;Reber Odvojak 24;Zagreb
Marina;Matiæ;Ž;22.9.1984;01/3571318;Matetiæ-ronjgovljev. 9;Zagreb
Goran;Popoviæ;M;14.1.1964;091/1917742;Barbiri 15;Zagreb
Josipa;Cindriæ;Ž;15.7.1967;021/8219215;Selèinska Ulica 31;Zagreb
Dino;Cindriæ;M;16.8.1938;095/2871807;Rehora Marija 24;Zagreb
Hrvoje;Nikoliæ;M;3.5.1949;031/5324239;Raška 16;Zagreb
Ivica;Božiæ;M;28.1.1957;091/2227289;Samoborska Cesta 23;Zagreb
Jelena;Živkoviæ;Ž;7.3.1941;098/6925809;Siget 12;Zagreb
Filip;Vuk ;M;18.1.1994;032/1411148;Remetineèka Cesta 7;Zagreb
Jan;Mariæ;M;14.2.1969;095/7062378;Schrottova 23;Zagreb
Tomislav;Petroviæ;M;19.9.1975;098/5310773;Sinbuk 20;Zagreb
Radmila;Petroviæ;Ž;21.5.1953;042/7179928;Rojca Dr. Milana 24;Zagreb
Anita;Tomiæ;Ž;15.11.1955;042/2599914;Matunova 24;Zagreb
Ana;Špoljariæ;Ž;29.5.1984;031/1113148;Ambrioviæa Andrije 25;Zagreb
Jana;Novosel;Ž;15.11.1960;032/1187971;Babulek 27;Zagreb
Ivana;Kovaèeviæ;Ž;16.12.1980;022/2576305;Raveneèki Gaj 21;Zagreb
Anita;Vukoviæ;Ž;22.12.1982;021/3597600;Resnièka 30;Zagreb
Anita;Petroviæ;Ž;4.3.1994;091/3976123;Sitaèa 26;Zagreb
Vjeran;Barišiæ;M;6.10.1996;021/7647627;Maunski Odvojak 25;Zagreb
Krešimir;Tomiæ;M;6.3.1941;040/5170865;Savska Opatovina 3;Zagreb
Sonja;Radiæ;Ž;21.11.1978;020/8258408;Rastoèka 12;Zagreb
Katarina;Periæ;Ž;11.8.1940;021/9897422;Raveneèki Vinogradi 12;Zagreb
Emir;Mariæ;M;19.2.1990;01/9255485;Badljevinski Put 15;Zagreb
Rajko;Špoljariæ;M;28.2.1949;021/7183367;Rozganska 23;Zagreb
Anita;Iliæ;Ž;22.8.1942;098/8952545;Ribarska 18;Zagreb
Saša;Kušec;M;5.2.1938;095/3693822;Mažuraniæa Frana 19;Zagreb
Dražen;Milinoviæ;M;26.11.1993;020/3697106;Donje Prekrižje 7;Zagreb
Hrvoje;Babiæ;M;19.12.1941;042/6666770;Marjanoviæev Prilaz 21;Zagreb
Rajko;Matiæ;M;18.3.1984;040/2892416;Sjevernjak 12;Zagreb
Dragica;Špoljariæ;Ž;18.5.1996;01/9139312;Mažuraniæa I. 2;Zagreb
Emir;Galiæ;M;20.1.1986;098/3718578;Donji Trpuci 2;Zagreb
Rajko;Joviæ;M;12.5.1960;021/6919545;Romiæa Stjepana 27;Zagreb
Helena;Juriæ;Ž;14.1.1964;091/96793110;Amerikanska 21;Zagreb
Lino;Markoviæ;M;11.12.1967;01/1164148;Rogliæa Josipa 15;Zagreb
Jurica;Živkoviæ;M;18.9.1940;021/9098573;Mauroviæa A. 17;Zagreb
Goran;Messi;M;20.11.1946;022/9524962;Rapajinska 1;Zagreb
Marina;Milinoviæ;Ž;21.10.1936;01/1155516;Sigetje 4;Zagreb
Davor;Joviæ;M;20.5.1993;092/1230475;Maroviæeva 2;Zagreb
Dragica;Barišiæ;Ž;22.13.1941;042/7254549;Rebar 5;Zagreb
Sonja;Filipoviæ;Ž;17.8.1958;020/92971710;Rožiæi 8;Zagreb
Ana;Kušan;Ž;17.4.1959;042/7288752;Roèiæi 7;Zagreb
Goran;Živkoviæ;M;12.9.1980;095/4226363;Schlosserove Stube 28;Zagreb
Radmila;Vukiæ;Ž;23.3.1980;01/6941891;Maruna Luje 6;Zagreb
Krešimir;Tomiæ;M;8.7.1977;031/2725236;Ratkoviæeva 12;Zagreb
Kristina;Matkoviæ;Ž;22.2.1959;042/8739294;Ranogajèeva 2;Zagreb
Saša;Lovriæ;M;24.10.1949;091/7234328;Maruševeèka 24;Zagreb
Rajka;Kovaè ;Ž;29.7.1992;091/953207;Antolaka Josipa 5;Zagreb
Davor;Kos;M;29.3.1954;042/3218925;Repaški Put 3;Zagreb
Katarina;Matkoviæ;Ž;27.12.1953;01/3729792;Saborska 11;Zagreb
Tin;Galiæ;M;1.7.1988;092/7245589;Rastovaèka 9;Zagreb
Jan;Novosel;M;12.2.1944;099/3274425;Sesvetska Cesta 4;Zagreb
Katarina;Špoljariæ;Ž;22.6.1983;098/6725429;Dragulinec 25;Zagreb
Katarina;Juriæ;Ž;15.4.1991;032/6591508;Bartoliæi 20;Zagreb
Željka;Joviæ;Ž;8.7.1961;022/269771;Savska Cesta 24;Zagreb
Safet;Milinoviæ;M;27.4.1966;021/25467810;Rudopoljska 18;Zagreb
Zdenko;Joviæ;M;10.2.1953;021/2169107;Anðele Horvat 15;Zagreb
Jurica;Špoljariæ;M;16.2.1984;020/1393314;Rusanova 27;Zagreb
Željko;Matekoviæ;M;14.2.1995;01/3915617;Maršaniæi 7;Zagreb
Štefica;Kušec;Ž;23.13.1992;032/5839880;Andriæa Nikole 29;Zagreb
Željko;Juriæ;M;2.1.1962;098/5726173;Rašice Božidara 18;Zagreb
Rajko;Jukiæ;M;26.6.1966;092/6751744;Skoèiæi 29;Zagreb
Dinko;Kos;M;2.3.1993;01/3959173;Mariæev Prolaz 2;Zagreb
Marina;Babiæ;Ž;24.9.1948;091/6444239;Antunovac 30;Zagreb
Tin;Matkoviæ;M;22.12.1977;040/6027872;Badovinèeva 27;Zagreb
Petra;Luèiæ;Ž;5.11.1993;031/8472317;Drežnik Brezovièki 21;Zagreb
Katarina;Galiæ;Ž;20.2.1938;022/3931894;Balunov Put 7;Zagreb
Aleksandar;Lovriæ;M;28.9.1942;020/2715989;Rožmanova 13;Zagreb
Tina;Nikoliæ;Ž;22.2.1946;020/4631125;Alibunarska 29;Zagreb
Filip;Kuèiæ;M;22.12.1945;021/3220974;Antalla Jozsefa 26;Zagreb
Dinko;Špoljariæ;M;20.12.1945;032/7998266;Romak 26;Zagreb
Tina;Kušan;Ž;4.11.1968;095/1752843;Masarykova 24;Zagreb
Anja;Kuèiæ;Ž;17.12.1977;095/5769484;Drenjska 7;Zagreb
Saša;Matkoviæ;M;16.10.1956;098/9565239;Remetinec 21;Zagreb
Safet;Barišiæ;M;22.6.1949;020/6641797;Maršaniæi 21;Zagreb
Mirka;Messi;Ž;13.8.1937;040/4292983;Remetineèka Cesta 29;Zagreb
Ante;Kneževiæ;M;12.4.1945;092/9619392;Donji Pustodol 19;Zagreb
Katarina;Špoljariæ;Ž;12.4.1984;042/5131313;Semeljaèka 18;Zagreb
Ivana;Babiæ;Ž;15.13.1991;021/4884329;Remetinec 29;Zagreb
Tin;Ostojiæ;M;20.10.1985;091/4083885;Rakitnica 23;Zagreb
Anita;Bošnjak;Ž;24.5.1981;042/4721212;Savska Cesta 26;Zagreb
Jelena;Jovanoviæ;Ž;28.7.1972;040/99607410;Martinkoveèka 30;Zagreb
Josipa;Kos;Ž;16.2.1965;031/1595114;Andrašeca F. 5;Zagreb
Zdenko;Periæ;M;7.8.1948;098/7987410;Maroviæeva 2;Zagreb
Rajka;Luèiæ;Ž;16.5.1975;095/9450982;Ariša 14;Zagreb
Emir;Nikoliæ;M;22.10.1952;092/3257221;Selnièka Ulica 26;Zagreb
Rajka;Markoviæ;Ž;23.3.1969;099/9259240;Dragonožeèka Cesta 9;Zagreb
Josip;Rukavina;M;27.8.1983;042/9713377;Ravenska 18;Zagreb
Saša;Smolèiæ;M;21.2.1982;099/2878972;Maunska 7;Zagreb
Davor;Jovanoviæ;M;19.10.1964;095/1710124;Draga 26;Zagreb
Tomislav;Cindriæ;M;13.8.1987;099/2644532;Schrottova 27;Zagreb
Radmila;Kuèiæ;Ž;7.7.1955;021/8148209;Rucakova Ulica 3;Zagreb
Josipa;Pavloviæ;Ž;23.2.1958;021/2387193;Matunov Odvojak 20;Zagreb
Lino;Perkoviæ;M;9.4.1994;031/8736962;Remete 3;Zagreb
Kristina;Mandiæ;Ž;15.10.1954;032/98457810;Ravenska 5;Zagreb
Mirka;Ostojiæ;Ž;5.7.1940;022/93146710;Rušèenica 13;Zagreb
Stipe;Blaževiæ;M;13.5.1948;020/7023892;Sjeverna Lozica 6;Zagreb
Jana;Periæ;Ž;28.4.1981;092/5196786;Markuševeèka Dubrava 30;Zagreb
Ivica;Matiæ;M;22.12.1985;031/3875794;Drniška 23;Zagreb
Jana;Deliæ;Ž;15.8.1968;098/7237417;Aljmaška 13;Zagreb
Željka;Kušan;Ž;28.1.1941;020/4167881;Baranjska 27;Zagreb
Zdenko;Kovaèiæ;M;24.3.1973;021/5514702;Donjodragonoška Cesta 14;Zagreb
Goran;Špoljariæ;M;5.1.1976;099/2584251;Balokoviæeva 25;Zagreb
Lino;Koviæ;M;15.4.1991;032/5556953;Alkarski Put 19;Zagreb
Radmila;Živkoviæ;Ž;14.10.1978;098/8763856;Slankamenska 9;Zagreb
Jan;Vidoviæ;M;23.12.1950;099/9040403;Matije Gupca 26;Zagreb
Dinko;Vidoviæ;M;24.5.1968;032/8464677;Bakarska 7;Zagreb
Elena;Milinoviæ;Ž;2.5.1980;042/3329809;Sesvetska Cesta 18;Zagreb
Jurica;Paviæ;M;23.2.1976;092/82192710;Salopekova 16;Zagreb
Mirka;Bošnjak;Ž;18.8.1949;095/2653721;Repineèka 12;Zagreb
Stipe;Kuèiæ;M;5.8.1950;042/8210417;Remetska Cesta 14;Zagreb
Ana;Rukavina;Ž;8.5.1962;022/4559987;Rukljaèa Stjepana 18;Zagreb
Anja;Kovaè ;Ž;25.7.1962;040/9860476;Reljkoviæa A. 5;Zagreb
Kristina;Paviæ;Ž;15.1.1979;091/2390549;Ratarska 29;Zagreb
Jurica;Markoviæ;M;13.7.1966;040/8876941;Seridovka 18;Zagreb
Željko;Mariæ;M;5.4.1962;042/2033288;Marjanoviæev Prilaz 3;Zagreb
Ena;Stankoviæ;Ž;11.2.1982;01/9765473;Matkovica 18;Zagreb
Marija;Paviæ;Ž;26.2.1941;091/1574841;Radenska 18;Zagreb
Katarina;Messi;Ž;19.12.1945;020/6714121;Marofska Ulica Odvojak 16;Zagreb
Emir;Jukiæ;M;9.7.1979;022/3729618;Banovski Put 12;Zagreb
Sonja;Novak;Ž;15.9.1952;095/4671904;Rujanska 19;Zagreb
Elena;Matkoviæ;Ž;22.12.1975;042/6652118;Barbiri 28;Zagreb
Filip;Kovaèiæ;M;6.10.1945;091/4883919;Rukljaèa Stjepana 3;Zagreb
Josipa;Grgiæ;Ž;18.4.1946;095/2692880;Mažuraniæev Trg 19;Zagreb
Josip;Horvat;M;10.9.1974;032/4069124;Ravnjanska 4;Zagreb
Radmila;Jovanoviæ;Ž;24.11.1989;042/7471943;Skoki 7;Zagreb
Hrvoje;Kovaèiæ;M;8.3.1994;020/1974260;Raosa Ivana 23;Zagreb
Dinko;Blaževiæ;M;1.2.1941;098/94675910;Rukljaèa Stjepana 5;Zagreb
Alen;Vukoviæ;M;4.9.1936;020/8546378;Sesvetska Cesta 11;Zagreb
Katarina;Grgiæ;Ž;8.13.1968;091/5094273;Antoljaki 24;Zagreb
Helena;Matiæ;Ž;29.7.1948;032/2670662;Severovaèka 13;Zagreb
Stipe;Kovaèiæ;M;8.4.1942;098/4194773;Sarajevska Cesta 11;Zagreb
Filip;Lovriæ;M;26.6.1987;091/3246964;Skradinska 11;Zagreb
Katarina;Juriæ;Ž;2.13.1943;01/1344156;Siget 12;Zagreb
Željko;Galiæ;M;7.5.1984;092/5949799;Savska Poljana 3;Zagreb
Zdenka;Novak;Ž;25.2.1973;095/1338222;Roginina 19;Zagreb
Dino;Barišiæ;M;21.5.1984;022/1948397;Ribiæev Put 28;Zagreb
Lana;Vukoviæ;Ž;20.6.1987;022/4418631;Radenska 14;Zagreb
Lana;Iliæ;Ž;22.7.1969;01/8545828;Skoki 30;Zagreb
Emir;Ostojiæ;M;22.10.1967;040/3087303;Andriæa Ive 17;Zagreb
Ivana;Matekoviæ;Ž;9.10.1937;01/6285904;Antoniæa B. 1;Zagreb
Marija;Jukiæ;Ž;15.13.1951;022/1847112;Rožmanka 19;Zagreb
Katarina;Matekoviæ;Ž;18.12.1974;022/7041180;Rubetiæeva 17;Zagreb
Emir;Ostojiæ;M;13.12.1974;098/7745264;Rožmanka 20;Zagreb
Zdenko;Milinoviæ;M;17.3.1992;021/6227944;Selniki 26;Zagreb
Dragica;Biliæ;Ž;11.13.1939;099/8065890;Mašiæeva 24;Zagreb
Marija;Iliæ;Ž;29.9.1961;031/4064782;Donji Rim 8;Zagreb
Rajko;Biliæ;M;23.6.1984;032/5139455;Badelov Brijeg 7;Zagreb
Željka;Babiæ;Ž;19.3.1954;021/1524922;Raška 1;Zagreb
Mirko;Kos;M;6.12.1939;095/1092612;Ratarska 12;Zagreb
Rajka;Kovaè ;Ž;21.3.1983;091/2080521;Arbanasova 9;Zagreb
Željka;Kovaèiæ;Ž;21.9.1982;095/5486814;Skradinska 24;Zagreb
Tin;Blaževiæ;M;28.4.1975;040/7474525;Banovski Put 15;Zagreb
Jelena;Radiæ;Ž;18.10.1970;032/5094368;Don Frana Buliæa 5;Zagreb
Emir;Vidoviæ;M;7.4.1978;01/8891638;Matoševa 8;Zagreb
Zdenko;Blaževiæ;M;5.9.1976;098/7883993;Rim 17;Zagreb
Petra;Juriæ;Ž;7.9.1958;099/3352827;Dore Krupiæeve 14;Zagreb
Marija;Barišiæ;Ž;19.6.1981;021/9832458;Bakiæa Matije 31;Zagreb
Željka;Vuk ;Ž;13.2.1989;022/3354417;Skladišna 27;Zagreb
Ante;Tomiæ;M;22.4.1984;032/3827936;Rep. Austrije 26;Zagreb
Zdenko;Ostojiæ;M;23.12.1996;098/42549510;Risnjaèki Odvojak 2;Zagreb
Tina;Cindriæ;Ž;17.9.1978;092/1275200;Rebiæev Brijeg 29;Zagreb
Marko;Paviæ;M;10.8.1995;098/22375810;Dragutina Golika 22;Zagreb
Jana;Tomiæ;Ž;28.4.1978;098/1793375;Bakiæa Matije 26;Zagreb
Rajko;Messi;M;16.6.1996;042/9478293;Rogiæeva 21;Zagreb
Tanja;Kovaèeviæ;Ž;8.8.1975;020/2866721;Don Frana Buliæa 25;Zagreb
Željko;Božiæ;M;27.11.1954;091/7755787;Sjeverna 6;Zagreb
Željka;Radiæ;Ž;9.6.1979;020/1577262;Rašljice 4;Zagreb
Dinko;Markoviæ;M;2.12.1983;042/3339178;Resnièki Gaj 2 23;Zagreb
Josip;Vukoviæ;M;27.9.1937;091/2291295;Draganiæi 4;Zagreb
Ivan;Vukoviæ;M;21.6.1994;01/9445242;Skradinska 29;Zagreb
Jelena;Cindriæ;Ž;21.13.1974;022/7043384;Remetinec 7;Zagreb
Sonja;Koviæ;Ž;12.5.1951;020/6221123;Marofska Ulica Odvojak 23;Zagreb
Katarina;Galiæ;Ž;12.4.1963;040/5446627;Donje Vrapèe 11;Zagreb
Krešimir;Vuk ;M;3.11.1990;021/4396935;Remetineèkih žrt. 26;Zagreb
Mirko;Lovriæ;M;3.2.1965;042/2965724;Banski Vinogradi 11;Zagreb
Helena;Popoviæ;Ž;22.13.1954;098/1844513;Sesvetska 24;Zagreb
Dragica;Vidoviæ;Ž;2.4.1981;021/2494945;Došenova 6;Zagreb
Jelena;Vukoviæ;Ž;22.5.1975;092/5116515;Maunski Odvojak 12;Zagreb
Tina;Jukiæ;Ž;16.4.1953;01/3798859;Skradnièka 6;Zagreb
Alen;Vukoviæ;M;16.12.1979;022/4934674;Andriloveèka 4 6;Zagreb
Ana;Filipoviæ;Ž;15.9.1978;042/4864431;Skenderi 31;Zagreb
Josip;Matekoviæ;M;5.2.1937;098/4929489;Markuševeèka Cesta 16;Zagreb
Ivana;Lovriæ;Ž;12.6.1954;020/9917499;Bagrema 1;Zagreb
Mirko;Mandiæ;M;24.7.1943;021/7945692;Drage 12;Zagreb
Tina;Ban;Ž;21.8.1948;031/1858899;Badljevinski Put 8;Zagreb
Jurica;Živkoviæ;M;7.5.1947;01/6143742;Drenjska 23;Zagreb
Goran;Jovanoviæ;M;16.5.1964;042/5268428;Matunski Odvojak 21;Zagreb
Safet;Barišiæ;M;9.2.1982;042/4635999;Mažuraniæa Frana 21;Zagreb
Rajka;Kovaè ;Ž;27.9.1996;091/5485369;Aljmaška 4;Zagreb
Goran;Kušec;M;7.3.1992;042/8973266;Radiæeva 6;Zagreb
Rajka;Paviæ;Ž;27.9.1971;031/16685310;Masarykova 13;Zagreb
Dinko;Kušec;M;19.11.1974;021/9358966;Sitari 20;Zagreb
Krešimir;Blaževiæ;M;19.4.1940;042/7420471;Rastovaèka 13;Zagreb
Emir;Vukiæ;M;27.2.1971;032/2754332;Aljmaška 17;Zagreb
Kristina;Milinoviæ;Ž;3.10.1948;092/5271288;Ratkajev Prolaz 3;Zagreb
Željka;Grgiæ;Ž;8.1.1968;022/9869392;Rogoza Zvonimira 17;Zagreb
Marija;Rukavina;Ž;13.7.1990;091/3532878;Anke Krizmaniæ 3;Zagreb
Alen;Vukoviæ;M;26.11.1937;091/5072794;Andraševeèka 6;Zagreb
Štefica;Popoviæ;Ž;20.10.1976;092/58225210;Apatinska 10;Zagreb
Sonja;Deliæ;Ž;20.13.1987;091/4923757;Rapska 7;Zagreb
Jan;Božiæ;M;18.12.1969;092/1725133;Ranci 26;Zagreb
Radmila;Matiæ;Ž;6.8.1959;031/6935650;Sigeteèka 30;Zagreb
Štefica;Vukiæ;Ž;24.3.1972;020/8535747;Rakeki 12;Zagreb
Dino;Kušec;M;25.3.1975;098/9424787;Repinjak 17;Zagreb
Ena;Cindriæ;Ž;14.3.1962;021/2032756;Mavraèiæki Odvojak 5;Zagreb
Jan;Špoljariæ;M;19.6.1963;091/9513437;Roèiæeva 27;Zagreb
Gordan;Vidoviæ;M;6.12.1995;042/7580938;Rapajinska 20;Zagreb
Katarina;Markoviæ;Ž;4.10.1983;098/8849435;Rakeki 4;Zagreb
Davor;Kovaèeviæ;M;4.7.1968;01/8440766;Andriæa Ive 17;Zagreb
Petra;Špoljariæ;Ž;23.3.1967;098/8254296;Remetska 19;Zagreb
Dinko;Božiæ;M;19.10.1961;091/8272525;Razgled 11;Zagreb
Elena;Periæ;Ž;6.12.1994;092/7154401;Bagremova 20;Zagreb
Jelena;Jukiæ;Ž;17.10.1946;095/1881980;Mašiæeva 5;Zagreb
Mirka;Mandiæ;Ž;5.8.1954;021/1591114;Sandeliæa Ivana 16;Zagreb
Tin;Babiæ;M;24.2.1966;01/5134772;Matka Janka 12;Zagreb
Alen;Jukiæ;M;8.9.1993;040/8210390;Rijeznica 30;Zagreb
Katarina;Radiæ;Ž;21.12.1986;021/5885360;Barišiæa Rafa 19;Zagreb
Aleksandar;Rukavina;M;20.13.1973;01/6373899;Sitari 22;Zagreb
Katarina;Ban;Ž;14.2.1941;042/1712621;Skoki 18;Zagreb
Petra;Vuk ;Ž;1.12.1949;098/2422962;Donji Pustodol 14;Zagreb
Rajko;Cindriæ;M;15.7.1992;021/4368871;Rokov Perivoj 29;Zagreb
Lino;Paviæ;M;27.9.1986;040/7293880;Drenovaèka 9;Zagreb
Katarina;Smolèiæ;Ž;26.4.1969;032/5161828;Ravenec 25;Zagreb
Jana;Kovaèeviæ;Ž;3.6.1944;021/2741381;Markovèeva 19;Zagreb
Anja;Messi;Ž;11.4.1947;092/1924397;Marije Jambrišak 30;Zagreb
Jana;Radiæ;Ž;25.7.1988;091/4587434;Bartokova 28;Zagreb
Tin;Radiæ;M;24.3.1982;098/9575738;Drenovaèka 10;Zagreb
Hrvoje;Koviæ;M;19.11.1981;040/6056814;Ratkaja Jurja 22;Zagreb
Dragica;Popoviæ;Ž;8.5.1987;021/7890216;Matunova 12;Zagreb
Ivica;Rukavina;M;10.5.1980;022/7578111;Donje Prekrižje 28;Zagreb
Zdenko;Vukiæ;M;16.11.1951;040/3823117;Rokova 28;Zagreb
Emir;Galiæ;M;14.10.1992;040/3213756;Sediniæalovre 28;Zagreb
Sonja;Stankoviæ;Ž;10.9.1947;01/8063225;Rabusova 24;Zagreb
Rajko;Babiæ;M;25.10.1971;01/915948;Remetineèka Cesta 15;Zagreb
Ana;Živkoviæ;Ž;1.2.1983;020/5460466;Markuševeèka Cesta 26;Zagreb
Štefica;Kos;Ž;6.13.1951;095/1642901;Sesvetska 3;Zagreb
Marija;Joviæ;Ž;3.10.1961;01/7746618;Rudeški Put 7;Zagreb
Željka;Juriæ;Ž;24.6.1952;098/4812192;Marinoveèka 11;Zagreb
Jelena;Luèiæ;Ž;17.9.1970;022/5695337;Alibunarski Odvojak 21;Zagreb
Ivan;Kušec;M;13.13.1990;01/7169556;Sinbuk 11;Zagreb
Aleksandar;Kušan;M;6.7.1980;020/1021124;Resnièki Gaj 1 5;Zagreb
Gordan;Vukoviæ;M;13.1.1966;042/2454211;Drage 30;Zagreb
Elena;Radiæ;Ž;11.5.1946;021/598391;Matièki 25;Zagreb
Dražen;Jukiæ;M;16.4.1991;021/1561662;Ribièki Prilaz 27;Zagreb
Štefica;Rukavina;Ž;4.4.1938;042/3672716;Barbiri 27;Zagreb
Stipe;Filipoviæ;M;26.6.1996;092/2132126;Rudeška Cesta 28;Zagreb
Tanja;Kušec;Ž;6.7.1982;031/5468115;Rucakova Ulica 19;Zagreb
Jelena;Kovaèiæ;Ž;17.4.1947;098/8072619;Savska Cesta 8;Zagreb
Jan;Kneževiæ;M;25.11.1987;042/2552632;Martiæeva 14;Zagreb
Ivica;Kušec;M;13.4.1987;021/2731268;Rimski Odvojak 23;Zagreb
Hrvoje;Mandiæ;M;10.6.1959;01/9221206;Draškoviæeva 18;Zagreb
Marija;Novosel;Ž;2.11.1960;022/5376955;Sarvaška 2;Zagreb
Ana;Blaževiæ;Ž;16.4.1981;01/8511149;Rudopoljska 6;Zagreb
Jan;Petroviæ;M;21.10.1994;021/2168337;Marohniæa Josipa 24;Zagreb
Saša;Špoljariæ;M;19.12.1947;021/1389146;Sediniæa Vinka 10;Zagreb
Safet;Juriæ;M;19.10.1971;098/6985379;Bagremova 16;Zagreb
Dragica;Barišiæ;Ž;19.12.1939;022/7579819;Matetiæ-ronjgovljev. 12;Zagreb
Ana;Kovaè ;Ž;13.7.1956;01/5541225;Matuni 26;Zagreb
Romana;Galiæ;Ž;18.6.1947;031/5737906;Barbiri 4;Zagreb
Mirka;Kušec;Ž;14.11.1964;095/5174857;Rogoza Zvonimira 12;Zagreb
Radmila;Kušan;Ž;9.2.1990;01/4778395;Slankamenska 15;Zagreb
Davor;Kovaè ;M;20.3.1982;01/4522327;Dravogradski Put 23;Zagreb
Dražen;Živkoviæ;M;4.9.1996;099/9249807;Antovaljska 4;Zagreb
Marija;Stankoviæ;Ž;25.6.1981;092/2530683;Skradnièka 15;Zagreb
Josipa;Božiæ;Ž;24.1.1974;022/5687104;Rastovaèka 21;Zagreb
Romana;Filipoviæ;Ž;29.9.1961;01/2690250;Donadinieva 26;Zagreb
Lana;Nikoliæ;Ž;17.5.1959;022/65494510;Draga 2;Zagreb
Lino;Matiæ;M;19.10.1991;031/8240161;Sertièeve Ledine 1;Zagreb
Željko;Popoviæ;M;28.5.1953;098/1697539;Barbariæev Put 9;Zagreb
Jana;Jukiæ;Ž;5.11.1941;022/8013944;Rušèenica 2;Zagreb
Rajko;Markoviæ;M;18.3.1948;092/6696306;Ratarska 28;Zagreb
Radmila;Perkoviæ;Ž;15.11.1956;01/7184369;Rakitnica 30;Zagreb
Katarina;Matekoviæ;Ž;9.12.1937;040/9253373;Dramaljska 30;Zagreb
Davor;Jukiæ;M;9.10.1961;01/3121803;Samoborska Cesta 15;Zagreb
Štefica;Deliæ;Ž;2.8.1962;095/8544243;Antoloveèki Put 17;Zagreb
Ivana;Periæ;Ž;20.8.1943;091/8820368;Schrottova 3;Zagreb
Dino;Luèiæ;M;3.3.1962;021/7050579;Alibunarska 5;Zagreb
Hrvoje;Novosel;M;14.10.1948;098/9364932;Sajmišna Cesta 3;Zagreb
Željko;Popoviæ;M;12.10.1970;020/8123961;Dorèiæi 25;Zagreb
Katarina;Kušec;Ž;20.11.1960;020/4641642;Rašenièki Put 25;Zagreb
Kristina;Messi;Ž;22.7.1968;022/81131410;Maunska 23;Zagreb
Štefica;Kovaèiæ;Ž;28.13.1957;01/3785546;Remetineèkih žrt. 22;Zagreb
Mirko;Luèiæ;M;9.4.1952;022/1536196;Rudeški Put 16;Zagreb
Tin;Kovaèiæ;M;10.7.1938;091/2858841;Rogoznièka 29;Zagreb
Emir;Grgiæ;M;21.8.1972;042/3794933;Rubetiæeva 16;Zagreb
Marija;Cindriæ;Ž;5.4.1946;098/4672460;Skijaški Prilaz 10;Zagreb
Tanja;Tomiæ;Ž;8.5.1955;031/1683941;Maslinska 15;Zagreb
Dinko;Milinoviæ;M;21.10.1942;042/3850658;Drašnièka 22;Zagreb
Alen;Kušec;M;26.3.1986;098/3589424;Matka Janka 4;Zagreb
Safet;Špoljariæ;M;14.11.1978;020/6263124;Banjaluèka 1 16;Zagreb
Filip;Jovanoviæ;M;25.8.1946;042/8274718;Remetski Banjšèak 31;Zagreb
Krešimir;Stankoviæ;M;12.7.1945;099/7624732;Raveneèki Gaj 20;Zagreb
Tina;Vukoviæ;Ž;22.11.1960;095/6331105;Bagrema 12;Zagreb
Safet;Perkoviæ;M;2.2.1991;01/8187834;Roginina 11;Zagreb
Dragica;Špoljariæ;Ž;2.11.1964;022/9073613;Banjavèiæeva 9;Zagreb
Tomislav;Šariæ;M;19.13.1977;098/1586731;Balaški 19;Zagreb
Marko;Rukavina;M;24.4.1995;091/5092991;Slatinska 24;Zagreb
Katarina;Vukiæ;Ž;5.12.1981;022/1089857;Drežnik 24;Zagreb
Tanja;Matkoviæ;Ž;7.11.1989;098/1238350;Draganiæka Grana 2;Zagreb
Tina;Kovaè ;Ž;3.5.1978;040/6985755;Rivanjski Put 1;Zagreb
Davor;Horvat;M;22.4.1952;091/4744980;Ranogajèeva 21;Zagreb
Štefica;Biliæ;Ž;27.8.1982;022/1716558;Drniška 29;Zagreb
Emir;Mandiæ;M;3.5.1970;095/7932188;Balunov Put 19;Zagreb
Marina;Koviæ;Ž;14.6.1977;01/7980346;Remetski Kamenjak 18;Zagreb
Dražen;Tomiæ;M;11.6.1967;020/3968836;Roèiæi 24;Zagreb
Dino;Vuk ;M;24.2.1966;022/7135584;Antunoviæa Ivana 11;Zagreb
Hrvoje;Kušec;M;15.12.1981;042/8386248;Rujanska 20;Zagreb
Zdenko;Mariæ;M;15.1.1978;040/8390933;Skenderi 28;Zagreb
Romana;Perkoviæ;Ž;8.4.1970;022/1919942;Amerikanska 21;Zagreb
Štefica;Vidoviæ;Ž;5.5.1991;031/3999716;Donjopoljska 6;Zagreb
Gordan;Kovaèeviæ;M;24.2.1943;021/2695330;Sijeèanjska 12;Zagreb
Rajko;Božiæ;M;3.13.1980;021/9673875;Rumašèica 28;Zagreb
Katarina;Vukiæ;Ž;25.2.1943;095/6838988;Bakaraèka 4;Zagreb
Tanja;Iliæ;Ž;13.7.1966;095/8567118;Ribnièka 12;Zagreb
Kristina;Šariæ;Ž;4.12.1992;032/7489177;Bahlenova Ulica 12;Zagreb
Josip;Ostojiæ;M;19.10.1937;098/989187;Martijaneèka 21;Zagreb
Emir;Koviæ;M;5.4.1991;021/73876110;Andreisa Josipa 22;Zagreb
Josip;Matkoviæ;M;26.10.1992;031/2394630;Rebiæev Brijeg 6;Zagreb
Željko;Koviæ;M;18.13.1948;01/7570797;Drežnik Brezovièki 8;Zagreb
Željka;Matkoviæ;Ž;6.2.1966;020/9161229;Rožiæi 1;Zagreb
Vjeran;Bošnjak;M;3.12.1970;092/2068312;Alibunarski Odvojak 26;Zagreb
Ana;Periæ;Ž;6.1.1969;092/4128395;Markovèeva 24;Zagreb
Jelena;Vukiæ;Ž;27.12.1972;031/9524775;Rabadana V. 10;Zagreb
Ante;Matekoviæ;M;2.5.1943;095/6671182;Ribarska 16;Zagreb
Marina;Milinoviæ;Ž;16.6.1937;042/5996443;Skokov Prilaz 28;Zagreb
Marija;Vidoviæ;Ž;14.2.1981;022/8931340;Retkoveèka 28;Zagreb
Krešimir;Kušec;M;15.3.1995;095/6623859;Dragišiæa Jurja 14;Zagreb
Štefica;Matkoviæ;Ž;12.2.1979;092/2530615;Samoborska Cesta 13;Zagreb
Rajko;Joviæ;M;11.9.1978;022/5151862;Ranogajèeva 15;Zagreb
Željka;Smolèiæ;Ž;16.11.1984;032/985711;Rudeška Cesta 21;Zagreb
Željko;Milinoviæ;M;2.12.1980;098/4568138;Seissla Josipa 5;Zagreb
Petra;Joviæ;Ž;18.2.1981;032/7670300;Drenovac 28;Zagreb
Katarina;Božiæ;Ž;5.1.1974;022/4768873;Selaèka 28;Zagreb
Marija;Popoviæ;Ž;22.2.1993;020/3049788;Anina Grana 6;Zagreb
Tina;Smolèiæ;Ž;25.8.1959;031/5034463;Bakaèeva 25;Zagreb
Helena;Bošnjak;Ž;26.2.1963;020/4637401;Barbariæev Put 5;Zagreb
Stipe;Horvat;M;19.8.1975;01/4754155;Remetski Kamenjak 17;Zagreb
Ivan;Barišiæ;M;18.13.1980;091/1428963;Sibinjska 4;Zagreb
Dino;Vukiæ;M;10.5.1961;091/7073895;Savska Opatovina 18;Zagreb
Elena;Perkoviæ;Ž;2.11.1952;032/4779482;Rebro 25;Zagreb
Štefica;Deliæ;Ž;24.12.1947;021/4367878;Mažuraniæa I. 9;Zagreb
Jan;Smolèiæ;M;17.7.1953;031/4227317;Roèiæi 23;Zagreb
Davor;Galiæ;M;10.8.1956;092/6821817;Roèiæi 16;Zagreb
Jelena;Perkoviæ;Ž;27.5.1960;021/1778831;Bahlenova Ulica 8;Zagreb
Zdenka;Lovriæ;Ž;26.4.1937;098/1474799;Slavenskog 27;Zagreb
Katarina;Novak;Ž;8.2.1942;091/7742122;Sesvete 26;Zagreb
Stipe;Pavloviæ;M;21.10.1977;021/6560265;Amruševa 7;Zagreb
Tin;Horvat;M;11.5.1975;092/2187604;Rooseveltov Trg 27;Zagreb
Gordan;Nikoliæ;M;4.9.1994;021/8713737;Antunoviæa Ivana 25;Zagreb
Tina;Luèiæ;Ž;16.9.1985;042/3877561;Andrijaševiæa Dominika 7;Zagreb
Zdenka;Matkoviæ;Ž;23.7.1978;040/6227584;Reberec Odvojak 8;Zagreb
Ivana;Vukoviæ;Ž;28.2.1946;095/8120558;Marièiæa željka 8;Zagreb
Goran;Tomiæ;M;8.6.1982;092/1451883;Rozganska 8;Zagreb
Romana;Juriæ;Ž;17.5.1943;031/3144838;Mariæev Prolaz 18;Zagreb
Ivana;Galiæ;Ž;28.3.1957;042/4571821;Sakaèeva 29;Zagreb
Ena;Ban;Ž;29.6.1963;092/6048191;Maroviæeva 9;Zagreb
Tina;Barišiæ;Ž;4.3.1947;021/9370805;Barbatska 3;Zagreb
Romana;Živkoviæ;Ž;23.7.1968;099/9334234;Alibunarski Odvojak 28;Zagreb
Zdenka;Matkoviæ;Ž;13.8.1948;098/5155603;Reberec Odvojak 5;Zagreb
Štefica;Perkoviæ;Ž;12.3.1990;042/5762223;Bahlenova Ulica 19;Zagreb
Željko;Tomiæ;M;7.12.1961;01/9176167;Slavetiæka 1;Zagreb
Jan;Periæ;M;27.12.1966;040/4835366;Matka Janka 2;Zagreb
Ana;Šariæ;Ž;3.3.1989;01/8853147;Barišiæa Rafa 6;Zagreb
Gordan;Jukiæ;M;25.9.1947;031/1864293;Severinska 9;Zagreb
Krešimir;Ostojiæ;M;28.9.1959;098/3974609;Skalinska 29;Zagreb
Gordan;Deliæ;M;10.9.1986;098/3848675;Medarska 17;Zagreb
Dragica;Stankoviæ;Ž;22.10.1936;042/1342571;Banjolska 25;Zagreb
Josip;Messi;M;27.8.1967;098/4460437;Rugvièka 28;Zagreb
Gordan;Lovriæ;M;14.13.1945;098/7760648;Andriæa Josipa 4;Zagreb
Josip;Bošnjak;M;20.6.1953;091/5991868;Medarska 26;Zagreb
Ante;Božiæ;M;17.8.1948;095/9120895;Amruševa 26;Zagreb
Stipe;Paviæ;M;29.7.1941;099/9480516;Bahlenova Ulica 7;Zagreb
Ana;Horvat;Ž;15.8.1948;091/3267658;Sinjska 5;Zagreb
Tin;Kušec;M;11.6.1990;042/7324391;Arbanasova 17;Zagreb
Katarina;Cindriæ;Ž;17.6.1971;040/5085471;Draèevièka Ulica 7;Zagreb
Tina;Lovriæ;Ž;27.10.1951;022/6965605;Badema 8;Zagreb
Tomislav;Babiæ;M;23.7.1937;01/7548576;Donje Vrapèe 17;Zagreb
Štefica;Kušec;Ž;23.6.1970;031/6060720;Dragišiæa Jurja 13;Zagreb
Rajka;Lovriæ;Ž;10.12.1969;095/9435816;Rogiæeva 6;Zagreb
Davor;Živkoviæ;M;14.8.1992;098/6134319;Ribièki Prilaz 21;Zagreb
Željko;Ostojiæ;M;21.2.1968;092/1842285;Babulek 5;Zagreb
Katarina;Kušan;Ž;27.2.1940;01/8726144;Donji Brezinšèak 8;Zagreb
Helena;Milinoviæ;Ž;1.8.1976;022/5223210;Sitnice 31;Zagreb
Anita;Kovaèeviæ;Ž;7.13.1942;042/1361397;Bani 30;Zagreb
Rajko;Novak;M;4.7.1966;021/5371913;Apatinska 20;Zagreb
Mirko;Barišiæ;M;20.7.1949;091/9787572;Sarvaška 4;Zagreb
Tina;Kovaèeviæ;Ž;27.4.1977;042/9037231;Mažuraniæev Trg 29;Zagreb
Štefica;Matkoviæ;Ž;28.1.1941;040/6297107;Drežnièka 13;Zagreb
Ivica;Petroviæ;M;15.5.1994;01/7420609;Anke Krizmaniæ 13;Zagreb
Mirko;Matekoviæ;M;2.11.1967;095/4090737;Sigetje 10;Zagreb
Katarina;Ban;Ž;28.7.1975;022/3924382;Regelji 2;Zagreb
Katarina;Šariæ;Ž;16.6.1982;020/6128391;Raška 25;Zagreb
Elena;Stankoviæ;Ž;17.7.1958;01/2010763;Ratkajev Prolaz 25;Zagreb
Hrvoje;Periæ;M;8.9.1957;095/6087196;Donje Svetice 9;Zagreb
Romana;Iliæ;Ž;11.11.1988;020/5637671;Skoèiloviæi 27;Zagreb
Ena;Jovanoviæ;Ž;25.7.1957;095/7948165;Sisaèka Cesta 3;Zagreb
Jana;Blaževiæ;Ž;3.6.1972;098/7383340;Alkarski Put 5;Zagreb
Željka;Ostojiæ;Ž;21.6.1974;098/7765341;Drinjaèka 30;Zagreb
Dražen;Matekoviæ;M;24.12.1994;042/7328764;Balašiæeva Ulica 15;Zagreb
Kristina;Živkoviæ;Ž;23.12.1982;020/88104110;Sirkovina 7;Zagreb
Katarina;Blaževiæ;Ž;10.12.1953;021/8855905;Apatinska 24;Zagreb
Dražen;Luèiæ;M;28.6.1981;021/1635132;Drivenièka 18;Zagreb
Lana;Kušan;Ž;21.1.1948;042/2387644;Rimski Odvojak 20;Zagreb
Hrvoje;Blaževiæ;M;3.4.1989;031/6926569;Sjeverna 23;Zagreb
Rajko;Ostojiæ;M;13.8.1977;091/3268530;Anðele Horvat 27;Zagreb
Josipa;Biliæ;Ž;9.6.1947;098/9789193;Aniæeva 20;Zagreb
Ivan;Kos;M;19.7.1973;031/7328446;Sesvete 19;Zagreb
Anita;Luèiæ;Ž;8.4.1995;042/9971110;Matkovica 14;Zagreb
Jana;Kos;Ž;26.2.1988;040/8127734;Maslinska 20;Zagreb
Rajka;Juriæ;Ž;25.11.1984;022/6416841;Rogliæa Josipa 12;Zagreb
Marija;Vukiæ;Ž;18.3.1979;099/1945696;Rakovèeva 20;Zagreb
Jurica;Barišiæ;M;26.2.1945;01/7861359;Matuni 17;Zagreb
Rajko;Novak;M;19.11.1947;031/2462206;Rušišèak 24;Zagreb
Ivana;Paviæ;Ž;25.12.1963;095/8659899;Raèiæeva 29;Zagreb
Ana;Vukiæ;Ž;22.5.1940;021/7570814;Donji Pustodol 13;Zagreb
Helena;Kneževiæ;Ž;13.9.1967;098/4913233;Balotin Prilaz 10;Zagreb
Jurica;Ostojiæ;M;18.4.1938;095/2544628;Baošiæki Put 15;Zagreb
Gordan;Smolèiæ;M;7.7.1953;032/965613;Selnièka 27;Zagreb
Marija;Kos;Ž;7.6.1956;020/5351166;Arapoviæeva 25;Zagreb
Davor;Kušan;M;3.4.1947;099/3451612;Reljkoviæa A. 4;Zagreb
Tanja;Kovaèiæ;Ž;26.12.1957;092/25901010;Riesznerova 21;Zagreb
Katarina;Kos;Ž;18.10.1963;092/1848433;Rosulja 18;Zagreb
Marina;Periæ;Ž;22.6.1953;042/6048182;Drage Piškor 6;Zagreb
Aleksandar;Mariæ;M;27.4.1947;091/1824907;Alibunarska 21;Zagreb
Tomislav;Mariæ;M;12.1.1967;020/4424925;Sandeliæi 23;Zagreb
Petra;Tomiæ;Ž;13.6.1945;042/9477315;Aniæeva 11;Zagreb
Safet;Messi;M;28.2.1962;031/6272836;Markuševeèke Njivice 16;Zagreb
Anja;Radiæ;Ž;29.4.1994;022/2271195;Selniki 6;Zagreb
Aleksandar;Kovaèeviæ;M;9.7.1959;031/8318439;Dragice Hotko 11;Zagreb
Željko;Vidoviæ;M;18.8.1975;091/6811486;Antunoviæa Ivana 16;Zagreb
Lino;Horvat;M;24.6.1968;022/8994868;Rudeški Put 8;Zagreb
Davor;Paviæ;M;5.1.1955;01/6677249;Rušèice 29;Zagreb
Petra;Božiæ;Ž;18.10.1981;091/1751969;Rihtmana Z. 21;Zagreb
Filip;Kušan;M;26.10.1938;098/6814778;Rušèice 24;Zagreb
Lana;Matekoviæ;Ž;3.2.1940;021/7262711;Mavraèiæi 13;Zagreb
Stipe;Novak;M;17.8.1967;020/9475574;Senoška 5;Zagreb
Rajka;Galiæ;Ž;22.7.1970;091/2933301;Anina Grana 19;Zagreb
Lana;Blaževiæ;Ž;6.7.1987;098/6872848;Risnjaèka 10;Zagreb
Ana;Deliæ;Ž;5.10.1956;021/1991131;Rumska 22;Zagreb
Aleksandar;Lovriæ;M;16.6.1989;040/1974889;Slankamenska 19;Zagreb
Željko;Periæ;M;6.3.1955;020/5160161;Matasoviæa Josipa 2;Zagreb
Alen;Perkoviæ;M;21.5.1957;022/6218441;Sisaèka Cesta 24;Zagreb
Saša;Deliæ;M;2.13.1944;020/7039769;Rapska 25;Zagreb
Marina;Perkoviæ;Ž;23.11.1987;01/8460197;Sitaèa 25;Zagreb
Štefica;Cindriæ;Ž;24.12.1993;01/7179367;Baneki 2;Zagreb
Dragica;Perkoviæ;Ž;26.7.1966;040/20856110;Dravogradski Put 28;Zagreb
Anja;Vuk ;Ž;12.4.1936;042/1551351;Dore Pejaèeviæ 3;Zagreb
Sonja;Vuk ;Ž;28.6.1967;021/9375733;Sediniæi Odvojak 28;Zagreb
Jurica;Stankoviæ;M;24.8.1954;040/2699269;Romak 20;Zagreb
Hrvoje;Pavloviæ;M;5.2.1978;031/6378527;Rijeèka 7;Zagreb
Josip;Vukiæ;M;2.4.1990;01/8646282;Andriæa Josipa 18;Zagreb
Jana;Mariæ;Ž;11.13.1952;095/1434996;Marèanska 4;Zagreb
Krešimir;Joviæ;M;21.1.1950;091/7372750;Banovke 2;Zagreb
Gordan;Novosel;M;25.11.1940;040/4093621;Mašiæeva 29;Zagreb
Katarina;Kovaèiæ;Ž;21.9.1995;091/4830326;Rogoznièka 13;Zagreb
Safet;Kušan;M;19.7.1964;095/2430946;Rasinjska 5;Zagreb
Rajka;Juriæ;Ž;5.12.1978;031/4354416;Matka Janka 15;Zagreb
Ivica;Joviæ;M;5.11.1942;022/5567935;Sigeteèka 30;Zagreb
